"WKT","Name","Provinsi","Kota","Kecamatan"
"POINT (97.96694860 2.39143370)","YZ_ SPOT RIMO","NANGGROE ACEH DARUSSALAM","SINGKIL","GUNUNG MERIAH-SNK"
"POINT (95.58863920 4.63503550)","YZ_ SPOT CALANG","NANGGROE ACEH DARUSSALAM","CALANG","KRUENG SABEE"
"POINT (96.24703820 5.25122780)","YZ_ SPOT Meureudu","NANGGROE ACEH DARUSSALAM","MEUREUDU","MEUREUDU"
"POINT (97.22308530 5.11639090)","YZ_ JNT EXPRESS DP GEUDONG","NANGGROE ACEH DARUSSALAM","LHOKSUKON","SAMUDERA"
"POINT (96.29661630 4.11706900)","YZ_ SPOT SUKA MAKMUE","NANGGROE ACEH DARUSSALAM","NAGAN RAYA","KUALA-SBS"
"POINT (96.13582230 4.17185420)","YZ_ Spot Kaway","NANGGROE ACEH DARUSSALAM","MEULABOH","JOHAN PAHLAWAN"
"POINT (95.94549610 5.37656210)","YZ_ Tangse","NANGGROE ACEH DARUSSALAM","SIGLI","TANGSE"
"POINT (98.04967570 4.29084180)","YZ_ SPOT KUALASIMPANG","NANGGROE ACEH DARUSSALAM","KUALA SIMPANG","KUALA SIMPANG"
"POINT (96.80745660 4.72127020)","YZ_ STR01 SIMPANG TIGA REDELONG","NANGGROE ACEH DARUSSALAM","SIMPANG TIGA REDELONG","BUKIT"
"POINT (97.34461220 3.98529700)","YZ_ BLANGKEJEREN","NANGGROE ACEH DARUSSALAM","GAYO LUES","BLANG KEJEREN"
"POINT (97.48513080 2.92588220)","YZ_ SPOT TRUMON","NANGGROE ACEH DARUSSALAM","ACEH SELATAN","BAKONGAN"
"POINT (96.37906070 2.46063000)","YZ_ SPOT SINABANG","NANGGROE ACEH DARUSSALAM","SINABANG","SIMEULUE TIMUR"
"POINT (95.96641280 2.59180930)","YZ_ SPOT KAMPUNG AIE","NANGGROE ACEH DARUSSALAM","SINABANG","SIMEULUE TENGAH"
"POINT (97.89191610 4.80139820)","YZ_ DROP POINT PEUREULAK","NANGGROE ACEH DARUSSALAM","IDI RAYEUK","PEUREULAK"
"POINT (97.05169620 5.21884790)","YZ_ SPOT BATUPHAT","NANGGROE ACEH DARUSSALAM","LHOKSEUMAWE","MUARA SATU"
"POINT (95.34640610 5.54553910)","YZ_ SPOT DP PANGO","NANGGROE ACEH DARUSSALAM","BANDA ACEH","ULEE KARENG"
"POINT (97.45394930 5.11697140)","YZ_ SpotPantonLabu","NANGGROE ACEH DARUSSALAM","LHOKSUKON","TANAH JAMBO AYE"
"POINT (97.12762820 5.17571580)","YZ_ DP LSW02A","NANGGROE ACEH DARUSSALAM","LHOKSEUMAWE","MUARA DUA"
"POINT (96.82720920 5.21042740)","YZ_ JNTSPOTFAJRI","NANGGROE ACEH DARUSSALAM","BIREUEN","KUTA BLANG"
"POINT (97.31065510 3.13599690)","YZ_ SPOT KOTA FAJAR","NANGGROE ACEH DARUSSALAM","ACEH SELATAN","KLUET UTARA"
"POINT (97.78119550 4.93703950)","YZ_ SPOT IDI RAYEUK","NANGGROE ACEH DARUSSALAM","IDI RAYEUK","IDI RAYEUK"
"POINT (96.90970860 5.23694100)","YZ_ DP LSN03","NANGGROE ACEH DARUSSALAM","LHOKSUKON","MUARA BATU"
"POINT (95.34971201 5.53374467)","YZ_ Spot kuta alam","NANGGROE ACEH DARUSSALAM","BANDA ACEH","KUTA ALAM"
"POINT (96.79845480 5.19593340)","YZ_ SPOT MATANG GEULUMPANGDUA","NANGGROE ACEH DARUSSALAM","BIREUEN","PEUSANGAN"
"POINT (96.691414 5.204515)","YZ_ BIREUEN","NANGGROE ACEH DARUSSALAM","BIREUEN","KOTA JUANG"
"POINT (97.95210810 4.50532620)","YZ_ SPOT LNX01","NANGGROE ACEH DARUSSALAM","LANGSA","LANGSA BARO"
"POINT (97.85634570 2.28955460)","YZ_ Spot singkil","NANGGROE ACEH DARUSSALAM","SINGKIL","SINGKIL-SNK"
"POINT (97.15195560 5.17730270)","YZ_ DP LSW01","NANGGROE ACEH DARUSSALAM","LHOKSEUMAWE","BANDA SAKTI"
"POINT (97.31829990 5.04120640)","YZ_ LHOKSUKON","NANGGROE ACEH DARUSSALAM","LHOKSUKON","LHOKSUKON"
"POINT (97.81864740 3.47465870)","YZ_ SPOT KUTACANE","NANGGROE ACEH DARUSSALAM","KUTACANE","BABUSSALAM"
"POINT (95.44799260 5.40988550)","YZ_ Spot Jantho","NANGGROE ACEH DARUSSALAM","JANTHO","INDRAPURI"
"POINT (97.62066300 5.04386890)","YZ_ DP IDR03","NANGGROE ACEH DARUSSALAM","IDI RAYEUK","JULOK"
"POINT (97.97977240 4.46374430)","YZ_ SPOT LANGSA LAMA","NANGGROE ACEH DARUSSALAM","LANGSA","LANGSA LAMA"
"POINT (95.94548200 5.37655280)","YZ_ BEUREUNUN","NANGGROE ACEH DARUSSALAM","SIGLI","MUTIARA TIMUR"
"POINT (96.31346530 5.20282070)","YZ_ SPOT ULEE GLE","NANGGROE ACEH DARUSSALAM","MEUREUDU","BANDAR DUA"
"POINT (97.17548640 3.25273390)","YZ_ SPOT TAPAKTUAN","NANGGROE ACEH DARUSSALAM","ACEH SELATAN","TAPAK TUAN"
"POINT (95.95566670 5.37016972)","YZ_ SPOT DP PIDIE","NANGGROE ACEH DARUSSALAM","SIGLI","PIDIE"
"POINT (96.49039970 3.98851750)","YZ_ ALUE BILUE","NANGGROE ACEH DARUSSALAM","NAGAN RAYA","DARUL MAKMUR"
"POINT (96.07503490 4.23339000)","YZ_ MEULABOH","NANGGROE ACEH DARUSSALAM","MEULABOH","JOHAN PAHLAWAN"
"POINT (96.84251160 4.63133470)","YZ_ SPOT BEBESEN","NANGGROE ACEH DARUSSALAM","TAKENGON","BEBESEN"
"POINT (98.04932370 4.29137510)","YZ_ TUALANG CUT","NANGGROE ACEH DARUSSALAM","KUALA SIMPANG","MANYAK PAYED"
"POINT (96.16466490 4.13757980)","YZ_ SPOT JEURAM","NANGGROE ACEH DARUSSALAM","NAGAN RAYA","SEUNAGAN"
"POINT (96.84574195 4.62517441)","YZ_ SPOT TAKENGON","NANGGROE ACEH DARUSSALAM","TAKENGON","BEBESEN"
"POINT (96.81039388 3.72711547)","YZ_ Blangpidie","NANGGROE ACEH DARUSSALAM","ACEH BARAT DAYA","SUSOH"
"POINT (96.90805150 4.75033440)","YZ_ PONDOK BARU","NANGGROE ACEH DARUSSALAM","SIMPANG TIGA REDELONG","BANDAR-STR"
"POINT (95.91435674 5.38089750)","YZ_ SPOT GRONG GRONG","NANGGROE ACEH DARUSSALAM","SIGLI","GRONG GRONG"
"POINT (95.32800230 5.88591660)","YZ_ SPOT SABANG","NANGGROE ACEH DARUSSALAM","SABANG","SUKAJAYA-SAB"
"POINT (96.98823270 3.56218500)","YZ_ SPOT LABUHAN HAJI","NANGGROE ACEH DARUSSALAM","ACEH SELATAN","LABUHAN HAJI-TPK"
"POINT (97.13628540 5.19052510)","YZ_ SPOT ALUE AWE","NANGGROE ACEH DARUSSALAM","LHOKSEUMAWE","MUARA DUA"
"POINT (96.4960998 5.1890554)","YZ_ SPOT JEUNIB","NANGGROE ACEH DARUSSALAM","BIREUEN","SIMPANG MAMPLAM"
"POINT (98.68953970 3.56517010)","YZ_ BAHOROK E SPOT KEDAI BU NINING","SUMATERA UTARA","LANGKAT","SIRAPIT"
"POINT (98.68956180 3.56513300)","YZ_ SIMPANG DUA- 3 SPOT","SUMATERA UTARA","SIMALUNGUN","TANAH JAWA"
"POINT (98.782066 3.536643)","YZ_ BATANGKUIS C SPOT","SUMATERA UTARA","DELI SERDANG","TANJUNG MORAWA"
"POINT (98.18415150 3.49425370)","YZ_ BAHOROK D SIRAPIT SPOT","SUMATERA UTARA","LANGKAT","SIRAPIT"
"POINT (98.62768460 3.59437560)","YZ_ HAMPER DES 2 JNT SPOT","SUMATERA UTARA","DELI SERDANG","HAMPARAN PERAK"
"POINT (98.689513 3.5651654)","YZ_ BAHOROK A SPOT","SUMATERA UTARA","LANGKAT","BAHOROK"
"POINT (98.62768430 3.59437210)","YZ_ PERDAGANGAN 2 SPOT","SUMATERA UTARA","SIMALUNGUN","BOSAR MALIGAS"
"POINT (98.57705000 3.59965530)","YZ_ SALAPIAN SPOT","SUMATERA UTARA","LANGKAT","SALAPIAN"
"POINT (98.57674630 3.59427740)","YZ_ HAMPER DES JNT SPOT","SUMATERA UTARA","DELI SERDANG","HAMPARAN PERAK"
"POINT (98.28758790 4.01751510)","YZ_ BAHOROK SPOT","SUMATERA UTARA","LANGKAT","SELESAI"
"POINT (98.26868810 4.00716320)","YZ_ SIMPANG DUA-1 SPOT","SUMATERA UTARA","PEMATANG SIANTAR","SIANTAR MARIMBUN"
"POINT (99.0418826 2.9390235)","YZ_ SIMPANG DUA-2 SPOT","SUMATERA UTARA","PEMATANG SIANTAR","SIANTAR MARIMBUN"
"POINT (99.322486 3.148247)","YZ_ PERDAGANGAN SPOT","SUMATERA UTARA","SIMALUNGUN","HUTA BAYU RAJA"
"POINT (98.6895177 3.565166)","YZ_ LINCUN SPOT","SUMATERA UTARA","LANGKAT","KUALA-PKD"
"POINT (98.6895109 3.5651676)","YZ_ OMR SPOT","SUMATERA UTARA","MEDAN","AMPLAS"
"POINT (98.6910231 3.563646)","YZ_ GUNUNG SPOT","SUMATERA UTARA","DELI SERDANG","SINEMBAH TANJUNG MUDA HILIR"
"POINT (98.6910282 3.5636509)","YZ_ Batangkuis Spot","SUMATERA UTARA","LUBUK PAKAM","BATANG KUIS"
"POINT (98.689514 3.5651673)","YZ_ RAMBUNG SPOT","SUMATERA UTARA","LANGKAT","SEI BINGE"
"POINT (98.6895078 3.5651662)","YZ_ SUDIRMAN SBX SPOT","SUMATERA UTARA","LANGKAT","WAMPU"
"POINT (98.6200843 3.5286609)","YZ_ WARUNG JAJAN KUY SPOT","SUMATERA UTARA","MEDAN","TUNTUNGAN"
"POINT (98.620091 3.5286451)","YZ_ PINANG RAYA SPOT","SUMATERA UTARA","MEDAN","TUNTUNGAN"
"POINT (98.6621896 3.6008241)","YZ_ GAVIN SPOT","SUMATERA UTARA","MEDAN","PERCUT SEI TUAN"
"POINT (99.82330060 2.10044300)","YZ_ SPOT BAKTI RAJA 02","SUMATERA UTARA","HUMBANG HASUNDUTAN","BAKTI RAJA"
"POINT (101.541076 0.707354)","YZ_ RM Jawa Timur","RIAU","SIAK","TUALANG"
"POINT (101.765935 0.884644)","YZ_ SIMPANG 4 OLAK","RIAU","SIAK","SUNGAI MANDAU"
"POINT (100.900278 1.190741)","YZ_ WADUK KM 28","RIAU","ROKAN HULU","BONAI DARUSSALAM"
"POINT (102.71200775 1.03415805)","YZ_ PULAU RANGSANG BARAT","RIAU","KEPULAUAN MERANTI","RANGSANG BARAT"
"POINT (101.407340 1.249061)","YZ_ SEBANGA","RIAU","BENGKALIS","PINGGIR"
"POINT (102.14388622 0.34866888)","YZ_ADEI BUNUT","RIAU","PELALAWAN","BUNUT"
"POINT (102.18527219 0.27775497)","YZ_ BUNUT","RIAU","PELALAWAN","BUNUT"
"POINT (101.49275083 1.44890036)","YZ_ BUKIT KERIKIL","RIAU","BENGKALIS","BANDAR LAKSAMANA"
"POINT (101.50648336 1.15114384)","YZ_ TALANG MANDAU","RIAU","BENGKALIS","TALANG MUANDAU"
"POINT (101.38038119 0.91500874)","YZ_ GARUT","RIAU","SIAK","KANDIS-SII"
"POINT (104.0237052 1.1579517)","YZ_ Sengkuang","KEPULAUAN RIAU","BATAM","BATU AMPAR-BTH"
"POINT (104.6161377 -0.210639)","YZ_ SPOT DAIK LINGGA","KEPULAUAN RIAU","LINGGA","LINGGA"
"POINT (100.82557090 -0.53775570)","YZ_ zefzifebri yandra","SUMATERA BARAT","SIJUNJUNG","SUMPUR KUDUS"
"POINT (100.91359360 -0.45730560)","YZ_ spot desri sjj04","SUMATERA BARAT","SIJUNJUNG","SUMPUR KUDUS"
"POINT (100.82464320 -0.54409900)","YZ_ SPOT RULLY SJJ04","SUMATERA BARAT","SIJUNJUNG","SUMPUR KUDUS"
"POINT (100.88660420 -0.39627340)","YZ_ SPOT VIONAS JJ04","SUMATERA BARAT","SIJUNJUNG","SUMPUR KUDUS"
"POINT (100.78758950 -1.07540550)","YZ_ SPOT ALFIAN NOFRI","SUMATERA BARAT","AROSUKA","HILIRAN GUMANTI"
"POINT (100.78759430 -1.07539380)","YZ_ SPOTSABDIRAHMAN","SUMATERA BARAT","AROSUKA","HILIRAN GUMANTI"
"POINT (100.78756280 -1.07547260)","YZ_ SPOT Ahmad Syafril Alendra","SUMATERA BARAT","AROSUKA","LEMBAH GUMANTI"
"POINT (100.78759090 -1.07538200)","YZ_ SPOT Dika sari","SUMATERA BARAT","AROSUKA","HILIRAN GUMANTI"
"POINT (100.03891850 0.48809100)","YZ_ SPOT DUO KOTO","SUMATERA BARAT","PASAMAN","DUO KOTO"
"POINT (100.57365910 -0.10499820)","YZ_ SPOT-DONI HENDRIKO","SUMATERA BARAT","LIMAPULUH KOTA","MUNGKA"
"POINT (100.50221580 0.02556400)","YZ_ SPOT-HIDAYATIL FITRIA ILLAHI","SUMATERA BARAT","LIMAPULUH KOTA","BUKIK BARISAN"
"POINT (100.35937400 -0.33711970)","YZ_ PALUPUH","SUMATERA BARAT","LUBUK BASUNG","PALUPUH"
"POINT (100.400477 -0.9430628)","YZ_ SPOT MENTAWAI","SUMATERA BARAT","MENTAWAI","SIPORA UTARA"
"POINT (104.76967700 -2.92348550)","YZ_ SPOT Siti Nuraini","SUMATERA SELATAN","SEKAYU","SUNGAI LALAN"
"POINT (104.6571423 -2.2530819)","YZ_ SPOT DIKI PRAMANDRI","SUMATERA SELATAN","BANYUASIN","KARANG AGUNG ILIR"
"POINT (104.6898622 -2.2551216)","YZ_ SPOT GERAI HUMAIROH","SUMATERA SELATAN","SEKAYU","SUNGAI LALAN"
"POINT (104.8989182 -2.6232626)","YZ_ SPOT ELI RAHMAWATI","SUMATERA SELATAN","BANYUASIN","MUARA TELANG"
"POINT (104.9731804 -2.483384)","YZ_ SPOT Adam Saputra","SUMATERA SELATAN","BANYUASIN","MAKARTI JAYA"
"POINT (105.0261008 -2.6344314)","YZ_ SPOT GRI AIR SALEK","SUMATERA SELATAN","BANYUASIN","AIR SALEK"
"POINT (105.2642152 -2.6686908)","YZ_ SPOT PUSPA ARYADI","SUMATERA SELATAN","KAYU AGUNG","AIR SUGIHAN"
"POINT (105.2956622 -2.5698945)","YZ_ SPOT SUNARNO","SUMATERA SELATAN","KAYU AGUNG","AIR SUGIHAN"
"POINT (102.3272642 -3.8425394)","YZ_ PADANG BAYAM","BENGKULU","ARGAMAKMUR","MARGA SAKTI SEBELAT"
"POINT (105.49157510 -4.83165550)","YZ_ SPOT YANA","LAMPUNG","LAMPUNG TENGAH","BUMI NABUNG"
"POINT (105.16555310 -5.23987220)","YZ_ SPOT YULI YANA","LAMPUNG","LAMPUNG TENGAH","SEPUTIH SURABAYA"
"POINT (105.68684760 -5.75038580)","YZ_ SPOT PENENGAHAN_2","LAMPUNG","LAMPUNG SELATAN","PANENGAHAN"
"POINT (105.51511210 -5.60256620)","YZ_ SPOT SIDOMULYO_2","LAMPUNG","LAMPUNG SELATAN","SIDOMULYO"
"POINT (105.26926320 -5.40601040)","YZ_ SPOT MEL12","LAMPUNG","TULANG BAWANG","RAWAJITU TIMUR"
"POINT (105.26924830 -5.40596120)","YZ_ SPOT BRILINK NINUK","LAMPUNG","LAMPUNG UTARA","ABUNG SELATAN"
"POINT (104.74644250 -4.43944070)","YZ_ SPOT LELY JNT BUMI AGUNG","LAMPUNG","WAY KANAN","BAHUGA"
"POINT (105.26925820 -5.40595030)","YZ_ SPOT VENDOR J&T PAKUAN RATU","LAMPUNG","WAY KANAN","PAKUAN RATU"
"POINT (105.26926730 -5.40597060)","YZ_ Spot Agus Ismail","LAMPUNG","LAMPUNG BARAT","PAGAR DEWA-LWA"
"POINT (105.26923950 -5.40600700)","YZ_ Spot Tobi Saputra","LAMPUNG","TULANG BAWANG","GEDUNG MENENG"
"POINT (105.16591860 -5.24523870)","YZ_ Spot TOKO ULFA","LAMPUNG","LAMPUNG TENGAH","GUNUNG SUGIH"
"POINT (105.26929220 -5.40597390)","YZ_ Spot Nur anita","LAMPUNG","LAMPUNG TENGAH","WAY PANGUBUAN"
"POINT (105.26927010 -5.40597170)","YZ_ Spot M.ali masum","LAMPUNG","LAMPUNG BARAT","SUOH"
"POINT (105.26919030 -5.40593070)","YZ_ Spot Siti Kartina","LAMPUNG","LAMPUNG TENGAH","GUNUNG SUGIH"
"POINT (105.26864510 -5.40778900)","YZ_ Spot Sumber Agung","LAMPUNG","PRINGSEWU","AMBARAWA-PSW"
"POINT (105.10720310 -5.00152480)","YZ_ Spot Indah Sari","LAMPUNG","LAMPUNG TENGAH","GUNUNG SUGIH"
"POINT (105.26929 -5.40577)","YZ_ SPOT P. BACAN (JAGABAYA II)","LAMPUNG","BANDAR LAMPUNG","WAY HALIM"
"POINT (105.81340610 -4.56993010)","YZ_ Spot HERU","LAMPUNG","TULANG BAWANG","DENTE TELADAS"
"POINT (105.23224070 -5.56532430)","YZ_ Spot Hurun","LAMPUNG","PESAWARAN","TELUK PANDAN-GTT"
"POINT (105.3016252 -5.3762526)","YZ_ SPOT TIRTAYASA","LAMPUNG","BANDAR LAMPUNG","SUKARAME-TKG"
"POINT (105.2847645 -5.3585798)","YZ_ Spot Way Kandis","LAMPUNG","BANDAR LAMPUNG","TANJUNG SENANG"
"POINT (105.2765901 -5.385883)","YZ_ SPOT TKG07A","LAMPUNG","BANDAR LAMPUNG","RAJABASA-TKG"
"POINT (105.2675841 -5.4344122)","YZ_ SPOT TKG 19B","LAMPUNG","BANDAR LAMPUNG","TELUK BETUNG UTARA"
"POINT (105.2287236 -5.3925555)","YZ_ Spot TKG02A","LAMPUNG","BANDAR LAMPUNG","KEMILING"
"POINT (105.2487985 -5.4328476)","YZ_ TELUK BETUNG","LAMPUNG","BANDAR LAMPUNG","TELUK BETUNG SELATAN"
"POINT (105.81684 -4.56633)","YZ_ Spot Fayadi","LAMPUNG","TULANG BAWANG","DENTE TELADAS"
"POINT (105.8156208 -4.471513)","YZ_ spot abang indrawan","LAMPUNG","TULANG BAWANG","DENTE TELADAS"
"POINT (105.5655735 -4.4450478)","YZ_ Spot Yasin","LAMPUNG","TULANG BAWANG","GEDUNG MENENG"
"POINT (105.6489823 -4.3959359)","YZ_ Spot Daffa Cell","LAMPUNG","TULANG BAWANG","GEDUNG MENENG"
"POINT (106.6856367 -6.1160788)","YZ_ SPOT HUSEIN SASTRANEGARA","BANTEN","TANGERANG","BENDA"
"POINT (107.154839 -6.285493)","YZ_ CIBUNTU","JAWA BARAT","BEKASI","CIBITUNG-BKI"
"POINT (108.9371383 -6.8745309)","YZ_ SPOT BRB07 Mtr M Abdul K","JAWA TENGAH","BREBES","BULAKAMBA"
"POINT (108.85408 -6.96854)","YZ_ SPOT BRB10 BANJARHARJO","JAWA TENGAH","BREBES","BANJARHARJO"
"POINT (113.9784203 -7.0029587)","YZ_ Fathor","JAWA TIMUR","SUMENEP","GAPURA"
"POINT (113.8668554 -7.0153988)","YZ_ SPOT fuad","JAWA TIMUR","SUMENEP","KOTA SUMENEP"
"POINT (113.374251 -8.0290905)","YZ_ DIKI WAHYUDI","JAWA TIMUR","JEMBER","SUMBER BARU"
"POINT (117.78443100 -8.79529200)","YZ_ Spot Plampang","NUSA TENGGARA BARAT","SUMBAWA BESAR","PLAMPANG"
"POINT (119.40858870 -9.64190410)","YZ_ Waikabubak","NUSA TENGGARA TIMUR","WAIKABUBAK","LOLI"
"POINT (120.25674820 -9.65578830)","YZ_ SPOT WAINGAPU","NUSA TENGGARA TIMUR","WAINGAPU","UMALULU"
"POINT (118.72321530 -8.45143870)","YZ_ SPOT BIMA","NUSA TENGGARA BARAT","BIMA","ASAKOTA-BMU"
"POINT (116.9797082 -8.5137818)","YZ_ SPOT ALAS","NUSA TENGGARA BARAT","SUMBAWA BESAR","ALAS"
"POINT (124.2845068 -9.8598586)","YZ_ SPOT SOE","NUSA TENGGARA TIMUR","SOE","KOTA SOE"
"POINT (122.2310842 -8.6285379)","YZ_ SPOT MAUMERE","NUSA TENGGARA TIMUR","MAUMERE","ALOK TIMUR"
"POINT (116.4908523 -8.7726866)","YZ_ SPOT KERUAK","NUSA TENGGARA BARAT","SELONG","JEROWARU"
"POINT (116.24840927 -8.74265201)","YZ_ SPOT TANAK AWU","NUSA TENGGARA BARAT","LOMBOK","PRAYA BARAT"
"POINT (116.5988734 -8.5731638)","YZ_ SPOT PRINGGABAYA","NUSA TENGGARA BARAT","SELONG","SAMBELIA"
"POINT (124.47803504 -9.44965184)","YZ_ SPOT KEFAMENANU","#N/A","#N/A","#N/A"
"POINT (116.2925852 -8.812909)","YZ_ SPOT PUJUT","NUSA TENGGARA BARAT","LOMBOK","PUJUT"
"POINT (119.227017 -9.4546073)","YZ_ SPOT TAMBOLAKA","NUSA TENGGARA TIMUR","TAMBOLAKA","KODI UTARA"
"POINT (117.4525113 -8.5831544)","YZ_ SPOT MOYOHULU","NUSA TENGGARA BARAT","SUMBAWA BESAR","MOYO HULU"
"POINT (117.7427077 -8.1838643)","YZ_ SPOT PEKAT","NUSA TENGGARA BARAT","DOMPU","PEKAT"
"POINT (118.4392633 -8.5400681)","YZ_ SPOT WOJA","NUSA TENGGARA BARAT","DOMPU","WOJA"
"POINT (118.45675169 -8.53069429)","YZ_ spot (Dompu)","NUSA TENGGARA BARAT","DOMPU","DOMPU"
"POINT (117.4336028 -8.5296132)","YZ_ SPOT MOYO","NUSA TENGGARA BARAT","SUMBAWA BESAR","SUMBAWA"
"POINT (117.99786610 -8.75863824)","YZ_ SPOT EMPANG TARANO","NUSA TENGGARA BARAT","SUMBAWA BESAR","EMPANG"
"POINT (117.59030019 -8.61990679)","YZ_ SPOT LAPE","NUSA TENGGARA BARAT","SUMBAWA BESAR","LAPE"
"POINT (124.521620 -8.215970)","YZ_ SPOT KALABAHI","NUSA TENGGARA TIMUR","KALABAHI","TELUK MUTIARA"
"POINT (117.4011498 -8.4802111)","YZ_ SPOT EMPANG","NUSA TENGGARA BARAT","SUMBAWA BESAR","LABUHAN BADAS"
"POINT (116.831987 -8.755537)","YZ_ SPOT (TALIWANG)","NUSA TENGGARA BARAT","SUMBAWA BARAT","TALIWANG"
"POINT (119.8948905 -8.4884818)","YZ_ Spot Labuan bajo","NUSA TENGGARA TIMUR","LABUAN BAJO","KOMODO"
"POINT (116.5368307 -8.5720388)","YZ_ LABUAN LOMBOK","NUSA TENGGARA BARAT","SELONG","AIKMEL"
"POINT (121.6533258 -8.8474667)","YZ_ SPOT ENDE","NUSA TENGGARA TIMUR","ENDE","ENDE TENGAH"
"POINT (116.1338192 -8.6698396)","YZ_ SPOT KEDIRI-1","NUSA TENGGARA BARAT","LOMBOK BARAT","SEKOTONG"
"POINT (116.8666617 -8.7462268)","YZ_ Spot (Maluk)","NUSA TENGGARA BARAT","SUMBAWA BARAT","MALUK"
"POINT (118.7327978 -8.4597139)","YZ_ SPOT WERA","NUSA TENGGARA BARAT","KAB.BIMA","WERA"
"POINT (118.6941617 -8.6002176)","YZ_ SPOT MONTA","NUSA TENGGARA BARAT","KAB.BIMA","MONPA"
"POINT (122.50577370 -4.02265480)","YZ_ SPOT PANJAITAN","SULAWESI TENGGARA","KENDARI","BARUGA"
"POINT (121.52010810 -4.36953790)","YZ_ SPOT TANGGETADA...","SULAWESI TENGGARA","KOLAKA","TANGGETADA"
"POINT (121.66487890 -4.16920780)","YZ_ SPOT POMALAA 3","SULAWESI TENGGARA","KOLAKA","POMALAA"
"POINT (119.3862628 -5.209154)","YZ_ BAROMBONG","SULAWESI SELATAN","MAKASSAR","TAMALATE"
"POINT (119.37245400 -1.17818350)","YZ_ SPOT PASAN-KAYU","SULAWESI BARAT","PASANG KAYU","PASANGKAYU"
"POINT (119.89401730 -4.35092460)","YZ_ SPOT LALABATA","SULAWESI SELATAN","SOPPENG","LALABATA"
"POINT (119.110621 -5.1503177)","YZ_ SPOT TAKALAR","#N/A","#N/A","#N/A"
"POINT (119.65177440 -3.80666140)","YZ_ SPOT PINRANG","SULAWESI SELATAN","PINRANG","WATANG SAWITTO"
"POINT (122.84473650 -5.50617940)","YZ_ SPOT PASARWAJO","SULAWESI TENGGARA","BUTON","PASAR WAJO"
"POINT (119.62418140 -4.01786140)","YZ_ SPOT PAREPARE","SULAWESI SELATAN","PARE PARE","UJUNG"
"POINT (122.23113160 -4.46278980)","YZ_ SPOT TINANGGEA","SULAWESI TENGGARA","KONAWE SELATAN","TINANGGEA"
"POINT (122.5057222 -4.0225846)","YZ_ SPOT BETOAMBARI","SULAWESI TENGGARA","BAU-BAU","BETOAMBARI"
"POINT (122.5057222 -4.0225833)","YZ_ SPOT WOLO","SULAWESI TENGGARA","KOLAKA","WOLO"
"POINT (120.22332430 -5.11447310)","YZ_ SPOT PULAU SEMBILAN","SULAWESI SELATAN","SINJAI","SINJAI UTARA"
"POINT (119.4379337 -5.2272653)","YZ_ SAPAYA","SULAWESI SELATAN","GOWA","BUNGAYA"
"POINT (120.18434120 -2.95406760)","YZ_ SPOT RAMPOANG","SULAWESI SELATAN","PALOPO","BARA"
"POINT (119.75037790 -5.68450540)","YZ_ SPOT JENEPONTO","SULAWESI SELATAN","JENEPONTO","BINAMU"
"POINT (121.3675833 -2.6398333)","YZ_ SPOT TOWUTI","SULAWESI SELATAN","MALILI","TOWUTI"
"POINT (120.50611260 -2.59835880)","YZ_ SPOT BONE-BONE","SULAWESI SELATAN","MASAMBA","BONE-BONE"
"POINT (119.82647510 -3.83316240)","YZ_ RAPPANG","SULAWESI SELATAN","SIDENRENG RAPANG","PANCA RIJANG"
"POINT (119.82605140 -3.32772060)","YZ_ SPOT ALLA","SULAWESI SELATAN","ENREKANG","MASALLE"
"POINT (118.98428060 -3.54293130)","YZ_ SPOT MAJENE","SULAWESI BARAT","MAJENE","BANGGAE TIMUR"
"POINT (119.67270720 -5.01889400)","YZ_ SPOT BANTIMURUNG","SULAWESI SELATAN","MAROS","BANTIMURUNG"
"POINT (121.36301060 -2.52381720)","YZ_ SPOT NUHA","SULAWESI SELATAN","MALILI","NUHA"
"POINT (122.50938050 -3.98481670)","YZ_ SPOT KADIA","SULAWESI TENGGARA","KENDARI","KADIA"
"POINT (122.28254710 -4.34352510)","YZ_ SPOT POTORO","SULAWESI TENGGARA","KONAWE SELATAN","ANDOOLO"
"POINT (120.24438850 -4.28713350)","YZ_ SPOT ULOE","SULAWESI SELATAN","BONE","DUA BOCCOE"
"POINT (119.84941150 -3.10608890)","YZ_ SPOTMAKALE","SULAWESI SELATAN","TANA TORAJA","MAKALE"
"POINT (122.08503040 -3.86964670)","YZ_ SPOT WAWOTOBI","SULAWESI TENGGARA","KONAWE","WAWOTOBI"
"POINT (118.8754897 -2.6879389)","YZ_ SPOT TOPOYO","SULAWESI BARAT","TOBADAK","TOPOYO"
"POINT (122.5614717 -3.9669899)","YZ_ SPOT BENU BENUA","#N/A","#N/A","#N/A"
"POINT (100.50339000 13.74793000)","YZ_ SPOT TORAJA","SULAWESI SELATAN","TORAJA UTARA","TALLUNGLIPU"
"POINT (120.06656030 -3.95408070)","YZ_ SPOT ATTAPANGE","SULAWESI SELATAN","WAJO","MANIANG PAJO"
"POINT (121.52011410 -4.36953710)","YZ_ SPOT TANGGETADA","SULAWESI TENGGARA","KOLAKA","TANGGETADA"
"POINT (121.57986720 -4.04837120)","YZ_ SPOT LATAMBAGA","SULAWESI TENGGARA","KOLAKA","LATAMBAGA"
"POINT (100.50339000 13.74793000)","YZ_ SPOT MOROSI","SULAWESI TENGGARA","KONAWE","MOROSI"
"POINT (100.50339000 13.74793000)","YZ_ SPOT CAMBA","SULAWESI SELATAN","MAROS","CENRANA-MAR"
"POINT (100.50339000 13.74793000)","YZ_ SPOT LASUSUA","#N/A","#N/A","#N/A"
"POINT (121.00058950 -3.29564410)","YZ_ SPOT NGAPA","SULAWESI TENGGARA","KOLAKA UTARA","NGAPA"
"POINT (119.50339000 -5.20339000)","YZ_ SPOT PALLANGGA","SULAWESI SELATAN","GOWA","PALLANGGA"
"POINT (122.05219260 -4.77694030)","YZ_ SPOT RUMBIA","SULAWESI TENGGARA","BOMBANA","RUMBIA TENGAH"
"POINT (119.31073270 -3.13903110)","YZ_ SPOT SUMARORONG","SULAWESI BARAT","MAMASA","SUMARORONG"
"POINT (120.45852650 -6.11659680)","YZ_ SPOT SELAYAR","SULAWESI SELATAN","SELAYAR","BENTENG"
"POINT (122.49688960 -4.03642760)","YZ_ PIERRE TENDEAN","SULAWESI TENGGARA","KENDARI","BARUGA"
"POINT (119.54419660 -4.81750290)","YZ_ SPOT PANGKAJENE","SULAWESI SELATAN","PANGKAJENE","BUNGORO"
"POINT (119.63681310 -4.31212630)","YZ_ SPOT TAKKALASI","SULAWESI SELATAN","BARRU","BALUSU"
"POINT (119.89138800 -2.95833510)","YZ_ SPOT TIKALA","SULAWESI SELATAN","TORAJA UTARA","TIKALA-RTP"
"POINT (122.12478030 -3.52690990)","YZ_ SPOT ANDOWIA","SULAWESI TENGGARA","KONAWE UTARA","ANDOWIA"
"POINT (120.11420950 -4.97375300)","YZ_ SPOT PALATTAE","SULAWESI SELATAN","BONE","KAHU"
"POINT (119.17513020 -2.32123830)","YZ_ SPOT TARAILU","SULAWESI BARAT","MAMUJU","SAMPAGA"
"POINT (118.88170740 -2.68544500)","YZ_ SPOT MAMUJU","SULAWESI BARAT","MAMUJU","MAMUJU"
"POINT (120.180000 -5.435878)","YZ_ SPOT UNAAHA","SULAWESI TENGGARA","KONAWE","UNAAHA"
"POINT (120.015093 -4.270920)","YZ_ SPOT BOLA","SULAWESI SELATAN","WAJO","BOLA-SEK"
"POINT (119.21415180 -3.39778980)","YZ_ SPOT WONOMULYO","SULAWESI BARAT","POLEWALI","WONOMULYO"
"POINT (100.50339000 13.74793000)","YZ_ SPOT KOLAKA","SULAWESI TENGGARA","KOLAKA","KOLAKA"
"POINT (121.61223210 -4.17803020)","YZ_ SPOT POMALAA","SULAWESI TENGGARA","KOLAKA","POMALAA"
"POINT (120.32361220 -2.55271530)","YZ_ SPOT MASAMBA","SULAWESI SELATAN","MASAMBA","MASAMBA"
"POINT (121.10934880 -2.61116030)","YZ_ SPOT MALILI","SULAWESI SELATAN","MALILI","MALILI"
"POINT (121.36741550 -2.63979990)","YZ_ SPOT WAWONDULA","SULAWESI SELATAN","MALILI","TOWUTI"
"POINT (120.80632660 -2.58137600)","YZ_ SPOT WOTU","SULAWESI SELATAN","MALILI","WOTU"
"POINT (119.54835020 -3.67964560)","YZ_ SPOT PEKKABATA","SULAWESI SELATAN","PINRANG","DUAMPANUA"
"POINT (119.76587000 -3.91386820)","YZ_ SPOT SIDENRENG","SULAWESI SELATAN","SIDENRENG RAPANG","WATANG PULU"
"POINT (121.36301470 -2.52381760)","YZ_ SPOT SOROWAKO","SULAWESI SELATAN","MALILI","NUHA"
"POINT (120.3045244 -3.2370154)","YZ_ spot pammanu","SULAWESI SELATAN","LUWU","BUA"
"POINT (124.69975420 0.87003200)","YZ_ SPOT RATATOTOK","SULAWESI UTARA","MINAHASA TENGGARA","RATATOTOK"
"POINT (121.2853398 -2.1331397)","YZ_ SPOT MORI ATAS","SULAWESI TENGAH","MOROWALI UTARA","MORI ATAS"
"POINT (119.7411343 -0.6715536)","YZ_ SPOT RIO PAKAVA","SULAWESI TENGAH","DONGGALA","RIO PAKAVA"
"POINT (121.3759149 -2.0826862)","YZ_ SPOT PETASIA TIMUR","SULAWESI TENGAH","MOROWALI UTARA","PETASIA TIMUR"
"POINT (128.2921769 0.8804049)","YZ_ SPOT BULI","MALUKU UTARA","HALMAHERA TIMUR","MABA"
"POINT (128.2889727 0.70009005)","YZ_ SPOT MABA","MALUKU UTARA","HALMAHERA TIMUR","MABA SELATAN"
"POINT (127.4841059 -0.6338218)","YZ_ FALAJAWA2 OBI","MALUKU UTARA","HALMAHERA SELATAN","OBI"
"POINT (127.98709075 0.48066329)","YZ_ SPOTGATE2","MALUKU UTARA","HALMAHERA TENGAH","WEDA TENGAH"
"POINT (128.091944 0.462063)","YZ_ SAGEA","MALUKU UTARA","HALMAHERA TENGAH","WEDA UTARA"
"POINT (127.8662806 0.3267646)","YZ_WEDA","MALUKU UTARA","HALMAHERA TENGAH","WEDA"
"POINT (127.9233844 0.4685432)","YZ_ Lelilef","MALUKU UTARA","HALMAHERA TENGAH","WEDA TENGAH"
"POINT (115.16739420 -2.11272330)","YZ_ DP TAL01","KALIMANTAN TENGAH","TAMIANG LAYANG","DUSUN TIMUR"
"POINT (114.57602940 -0.65198390)","YZ_ DPPUK03","KALIMANTAN TENGAH","MURUNG RAYA","MURUNG"
"POINT (111.73892190 -2.59558520)","YZ_ SPOT PANGKALAN DURIN","KALIMANTAN TENGAH","PANGKALANBUN","PANGKALAN LADA"
"POINT (0.00000000 0.00000000)","YZ_ DPKUP03","KALIMANTAN TENGAH","KUALA PEMBUANG","HANAU"
"POINT (112.21463320 -2.39672710)","YZ_ SPOT ASAM BARU","KALIMANTAN TENGAH","KUALA PEMBUANG","DANAU SELULUK"
"POINT (114.47742830 -1.74275100)","YZ_ DP KKS16","KALIMANTAN TENGAH","KUALA KAPUAS","TIMPAH"
"POINT (112.93696380 -2.53748920)","YZ_ DP SMQ05","KALIMANTAN TENGAH","KOTAWARINGIN TIMUR","MENTAWA BARU"
"POINT (113.76051220 -2.00446160)","YZ_ PKY04","KALIMANTAN TENGAH","PALANGKARAYA","BUKIT BATU-PKY"
"POINT (112.79847540 -2.02760170)","YZ_ DP SMQ11A","KALIMANTAN TENGAH","KOTAWARINGIN TIMUR","PARENGGEAN"
"POINT (112.97910120 -2.05045260)","YZ_ DP SMQ05A","KALIMANTAN TENGAH","KOTAWARINGIN TIMUR","CEMPAGA HULU"
"POINT (111.44327610 -2.19184680)","YZ_ LAD01","KALIMANTAN TENGAH","LAMANDAU","BULIK"
"POINT (113.10339020 -1.45827430)","YZ_ DP KSG06","KALIMANTAN TENGAH","KATINGAN","KATINGAN TENGAH"
"POINT (114.89078480 -0.94102580)","YZ_ DP MRW01","KALIMANTAN TENGAH","MUARA TEWEH","TEWEH TENGAH"
"POINT (113.76052250 -2.00453080)","YZ_ SPOT TUMBANG TALAKEN.","KALIMANTAN TENGAH","KUALA KURUN","MANUHING"
"POINT (113.39152930 -1.44753700)","YZ_ SPOT BANGUN SARI","KALIMANTAN TENGAH","KUALA KURUN","MANUHING"
"POINT (113.57317150 -1.29416250)","YZ_ SPOT TUMBANG JUTUH","KALIMANTAN TENGAH","KUALA KURUN","RUNGAN"
"POINT (114.36165660 -1.35605730)","YZ_ SPOT ZULKIPLI PUJON","KALIMANTAN TENGAH","KUALA KAPUAS","KAPUAS TENGAH"
"POINT (111.74488400 -2.62267370)","YZ_ SPOT SUNGAI RANGIT","KALIMANTAN TENGAH","PANGKALANBUN","KUMAI"
"POINT (114.343678 -1.755927)","YZ_ SPOT BUKIT BATU","KALIMANTAN TENGAH","KUALA KAPUAS","MANTANGAI"
"POINT (113.41336050 -1.88807780)","YZ_ SPOT BUNTUT BALI.","KALIMANTAN TENGAH","KATINGAN","PULAU MALAN"
"POINT (111.39331130 -2.14687900)","YZ_ SPOT SUMBER MULYA TRANS E","KALIMANTAN TENGAH","LAMANDAU","BULIK"
"POINT (112.97911210 -2.40081790)","YZ_ SPOT KOTA BESI","KALIMANTAN TENGAH","KOTAWARINGIN TIMUR","KOTA BESI"
"POINT (111.6429748 -2.0669926)","YZ_ SPOT MENTHOBI RAYA","KALIMANTAN TENGAH","LAMANDAU","METOBHI RAYA"
"POINT (113.9197785 -1.4905157)","YZ_ SPOT SEPANG","KALIMANTAN TENGAH","KUALA KURUN","SEPANG"
"POINT (112.3206368 -2.344004)","YZ_ SPOT RUNGAU","KALIMANTAN TENGAH","KUALA PEMBUANG","DANAU SELULUK"
"POINT (112.6501374 -2.5024943)","YZ_ SPOT PENYANG.","KALIMANTAN TENGAH","KOTAWARINGIN TIMUR","TELAWANG"
"POINT (111.4821031 -1.9026572)","YZ_ SPOT BULIK TIMUR.","KALIMANTAN TENGAH","LAMANDAU","BULIK TIMUR"
"POINT (112.553619 -1.817057)","YZ_ SPOT TUMBANG SANGAI","KALIMANTAN TENGAH","KOTAWARINGIN TIMUR","TELAGA ANTANG"
"POINT (113.2912 -1.765394)","YZ_ SPOT TEWANG SANGALANG GARING","KALIMANTAN TENGAH","KATINGAN","TEWANG SANGGALANG GARING"
"POINT (113.9292 -1.3274)","YZ_ SPOT MIHING RAYA","KALIMANTAN TENGAH","KUALA KURUN","MIHING RAYA"
"POINT (114.493170 -2.512754)","YZ_ SPOT MANTANGAI","KALIMANTAN TENGAH","KUALA KAPUAS","MANTANGAI"
"POINT (114.484152 -2.61596)","YZ_ SPOT LAMUNTI","KALIMANTAN TENGAH","KUALA KAPUAS","MANTANGAI"
"POINT (114.806122 -0.628759)","YZ_ SPOT MUARA TUHUP OUTLET","KALIMANTAN TENGAH","MURUNG RAYA","LAUNG TUHUP"
"POINT (114.55394 -0.658852)","YZ_ TANAH SIANG SELATAN","KALIMANTAN TENGAH","MURUNG RAYA","TANAH SIANG SELATAN"
"POINT (112.625768 -1.767625)","YZ_ AGUNG MULYA","KALIMANTAN TENGAH","KOTAWARINGIN TIMUR","TELAGA ANTANG"
"POINT (113.1816976 -1.924972)","YZ_ SPOT MUARA SAMBA","KALIMANTAN TENGAH","KATINGAN","KATINGAN HILIR"
"POINT (113.866599 -2.1719403)","YZ_ SPOT TRAHEAN","KALIMANTAN TENGAH","MUARA TEWEH","TEWEH SELATAN"
"POINT (113.8665616 -2.1719098)","YZ_ SPOT LAHEI","KALIMANTAN TENGAH","MUARA TEWEH","LAHEI"
"POINT (113.8665943 -2.1719337)","YZ_ SPOT SIKUI","KALIMANTAN TENGAH","MUARA TEWEH","TEWEH BARU"
"POINT (113.8663937 -2.17189)","YZ_ SPOT BUKIT SAWIT","KALIMANTAN TENGAH","MUARA TEWEH","TEWEH SELATAN"
"POINT (111.709263 -2.753694)","YZ_ BENTOT","KALIMANTAN TENGAH","PANGKALANBUN","KUMAI"
"POINT (113.8765412 -1.2209886)","YZ_ TUMBANG MIWAN","KALIMANTAN TENGAH","KUALA KURUN","KURUN"
"POINT (114.015167 -0.934222)","YZ_ SEI HANYO","#N/A","#N/A","#N/A"
"POINT (112.532027 -2.24845)","YZ_SEMATU JAYA","KALIMANTAN TENGAH","LAMANDAU","SEMATU JAYA"
"POINT (112.9468327 -2.5416779)","YZ_PAGATAN","KALIMANTAN TENGAH","KATINGAN","KATINGAN KUALA"
"POINT (112.9485143 -2.5402256)","YZ_ANTANG KALANG","KALIMANTAN TENGAH","KOTAWARINGIN TIMUR","ANTANG KALANG"
"POINT (115.16737 -2.1127594)","YZ_KARUSEN JANANG","KALIMANTAN TENGAH","TAMIANG LAYANG","KARUSENG JANANG"
"POINT (112.438534 0.332259)","YZ_ NANGA SERAWAI","KALIMANTAN BARAT","SINTANG","SERAWAI"
"POINT (109.21696 1.47132)","YZ_ TELUK KERAMAT","KALIMANTAN BARAT","SAMBAS","TELUK KERAMAT"
"POINT (109.3214 -0.0346)","YZ_ KETUNGAU TENGAH","KALIMANTAN BARAT","SINTANG","KETUNGAU TENGAH"
"POINT (110.1065111 0.1413962)","YZ_ BATANG TARANG","KALIMANTAN BARAT","NGABANG","JELIMPO"
"POINT (109.054167 1.317500)","YZ_ JAWAI 01 (SAS03B)","KALIMANTAN BARAT","SAMBAS","JAWAI"
"POINT (109.284910 1.374269)","YZ_ SAMBAS (SAS01)","KALIMANTAN BARAT","SAMBAS","SAMBAS"
"POINT (109.147110 1.229830)","YZ_ TEBAS (SAS04)","KALIMANTAN BARAT","SAMBAS","TEBAS"
"POINT (109.628449 1.605690)","YZ_ SAJINGAN BESAR 01 (SAS07A)","KALIMANTAN BARAT","SAMBAS","SAJINGAN BESAR"
"POINT (111.918879 -0.108812)","YZ_ KAYAN","KALIMANTAN BARAT","SINTANG","KAYAN HILIR-SQG"
"POINT (108.975517 1.179513)","YZ_ PEMANGKAT","KALIMANTAN BARAT","SAMBAS","PEMANGKAT"
"POINT (108.9729908 1.0615133)","YZ_ SELAKAU","KALIMANTAN BARAT","SAMBAS","SELAKAU"
"POINT (109.2475359 -0.1276834)","YZ_ PUNGGUR","KALIMANTAN BARAT","KUBURAYA","SUNGAI KAKAP"
"POINT (110.28633 -0.11509)","YZ_ CP RUDOVA JAYA","KALIMANTAN BARAT","SANGGAU","MELIAU"
"POINT (110.101092 -0.242787)","YZ_ TOBA","KALIMANTAN BARAT","SANGGAU","TOBA"
"POINT (110.1028254 0.7513662)","YZ_ AIR BESAR","KALIMANTAN BARAT","NGABANG","AIR BESAR"
"POINT (110.001868 0.5855986)","YZ_ KUALA BEHE","KALIMANTAN BARAT","NGABANG","KUALA BEHE"
"POINT (111.4834890 0.1815370)","YZ_ BINJAI HULU","KALIMANTAN BARAT","SINTANG","BINJAI HULU"
"POINT (112.227124 -0.419111)","YZ_ MENUKUNG","KALIMANTAN BARAT","MELAWI","MENUKUNG"
"POINT (111.1893332 0.190063)","YZ_ BELITANG","KALIMANTAN BARAT","SEKADAU","BELITANG"
"POINT (111.204903 0.447493)","YZ_ BELITANG HULU","KALIMANTAN BARAT","SEKADAU","BELITANG HULU"
"POINT (111.96041180 0.54839221)","YZ_ SEMITAU","KALIMANTAN BARAT","KAPUAS HULU","SEMITAU"
"POINT (111.999181 0.432755)","YZ_ SEBERUANG","KALIMANTAN BARAT","KAPUAS HULU","SEBERUANG"
"POINT (112.001511 0.61780000)","YZ_ SUHAID","KALIMANTAN BARAT","KAPUAS HULU","SUHAID"
"POINT (109.258358 -0.061635)","YZ_ KAKAP 01 (KUB05A)","KALIMANTAN BARAT","KUBURAYA","SUNGAI KAKAP"
"POINT (109.1949216 0.069735)","YZ_ JUNGKAT JAYA (MMW06A)","KALIMANTAN BARAT","MEMPAWAH","SIANTAN-MMW"
"POINT (110.3573778 -0.7979795)","YZ_ SIMPANG DUA","KALIMANTAN BARAT","TUMBANG TITI","SIMPANG DUA"
"POINT (108.923613 0.550386)","YZ_ SUNGAI KUNYIT KOTA (MMW10)","KALIMANTAN BARAT","MEMPAWAH","SUNGAI KUNYIT"
"POINT (108.9584447 0.3606851)","YZ_ MEMPAWAH KOTA (MMW09)","KALIMANTAN BARAT","MEMPAWAH","MEMPAWAH HILIR"
"POINT (110.430044 0.211106)","YZ_ BODOK KOTA (SAG10)","KALIMANTAN BARAT","SANGGAU","PARINDU"
"POINT (109.408676 -0.113255)","YZ_ SUNGAI RAYA01 (KUB14)","KALIMANTAN BARAT","KUBURAYA","SUNGAI RAYA-KUB"
"POINT (109.627199 0.590466)","YZ_ MENYUKE KOTA (NGG10)","KALIMANTAN BARAT","NGABANG","MENYUKE"
"POINT (109.667125 0.318600)","YZ_ PAHAUMAN KOTA (NGG09)","KALIMANTAN BARAT","NGABANG","SENGAH TEMILA"
"POINT (109.35243 -0.01832)","YZ_ GUSTI SITUT MAHMUD (PNK03A)","KALIMANTAN BARAT","PONTIANAK","PONTIANAK UTARA"
"POINT (109.380853 -0.23454)","YZ_ RASAU JAYA 01 ( KUB01A)","KALIMANTAN BARAT","KUBURAYA","RASAU JAYA"
"POINT (108.981681 0.913544)","YZ_ SINGKAWANG RAYA (SKW01A)","KALIMANTAN BARAT","SINGKAWANG","SINGKAWANG BARAT"
"POINT (109.1833 0.1504)","YZ_ SELIMBAU","KALIMANTAN BARAT","KAPUAS HULU","SELIMBAU"
"POINT (112.921933 0.872564)","YZ_ EMBALOH HULU","KALIMANTAN BARAT","KAPUAS HULU","EMBALOH HULU"
"POINT (109.3427355 -0.0552239)","YZ_ KOMYOS (PNK04B)","KALIMANTAN BARAT","PONTIANAK","PONTIANAK SELATAN"
"POINT (109.780047 -1.005802)","YZ_ TELUK BATANG (TLM02)","KALIMANTAN BARAT","KAYONG UTARA","TELUK BATANG"
"POINT (109.301405 -0.021398)","YZ_ SAWO (PNK04A)","KALIMANTAN BARAT","PONTIANAK","PONTIANAK BARAT"
"POINT (109.949444 0.396379)","YZ_ LANDAK KOTA (NGG08)","KALIMANTAN BARAT","NGABANG","NGABANG"
"POINT (111.605447 -0.289048)","YZ_ BELIMBING (MLW03)","KALIMANTAN BARAT","MELAWI","BELIMBING-MLW"
"POINT (109.085705 0.276258)","YZ_ PINYUH KOTA (MMW08)","KALIMANTAN BARAT","MEMPAWAH","SUNGAI PINYUH"
"POINT (110.401808 0.553962)","YZ_ KEMBAYAN (SAG13)","KALIMANTAN BARAT","SANGGAU","KEMBAYAN"
"POINT (111.488749 0.064682)","YZ_ LINTAS MELAWI (SQG01A)","KALIMANTAN BARAT","SINTANG","SINTANG"
"POINT (110.237273 0.294086)","YZ_ SOSOK KOTA (SAG09)","KALIMANTAN BARAT","SANGGAU","TAYAN HULU"
"POINT (110.118874 -0.035647)","YZ_ TAYAN KOTA (SAG11)","KALIMANTAN BARAT","SANGGAU","TAYAN HILIR"
"POINT (110.586380 0.119980)","YZ_ SANGGAU KAPUAS (SAG01A)","KALIMANTAN BARAT","SANGGAU","SANGGAU KAPUAS"
"POINT (110.896667 0.015833)","YZ_ SEKADAU BERSATU (SKH07)","KALIMANTAN BARAT","SEKADAU","SEKADAU HILIR"
"POINT (110.613611 -1.825611)","YZ_ UTI USMAN (TTT19)","KALIMANTAN BARAT","TUMBANG TITI","TUMBANG TITI"
"POINT (109.079341 0.873914)","YZ_ BAGAK SAHWA01 (SKW05B)","KALIMANTAN BARAT","SINGKAWANG","SINGKAWANG TIMUR"
"POINT (109.37482 -0.055847)","YZ_ BANJAR SERASAN (PNK06B)","KALIMANTAN BARAT","PONTIANAK","PONTIANAK TIMUR"
"POINT (110.82118 -0.26154)","YZ_ NANGA TAMAN (SKH03)","KALIMANTAN BARAT","SEKADAU","NANGA TAMAN"
"POINT (110.428212 0.824194)","YZ_ SEKAYAM (SAG12)","KALIMANTAN BARAT","SANGGAU","SEKAYAM"
"POINT (111.464825 -0.031376)","YZ_ SIMPANG PINOH (SQG12)","KALIMANTAN BARAT","SINTANG","SUNGAI TEBELIAN"
"POINT (109.315919 -0.051308)","YZ_ PAK BENCENG (PNK05A)","KALIMANTAN BARAT","PONTIANAK","PONTIANAK KOTA"
"POINT (108.9695679 1.0754356)","YZ_ KUBU BARU (KUB04A)","KALIMANTAN BARAT","KUBURAYA","SUNGAI RAYA-KUB"
"POINT (111.06954 0.10825)","YZ_ SUNGAI AYAK (SKH04)","KALIMANTAN BARAT","SEKADAU","BELITANG HILIR"
"POINT (111.18535777 0.00175672)","YZ_ MANIS RAYA KOTA (SQG14)","KALIMANTAN BARAT","SINTANG","SEPAUK"
"POINT (111.745406 -0.341457)","YZ_ MELAWI PINOH (MLW01A)","KALIMANTAN BARAT","MELAWI","NANGA PINOH"
"POINT (111.654938 0.059862)","YZ_ KELAM PERMAI 01 (SQG07A)","KALIMANTAN BARAT","SINTANG","KELAM PERMAI"
"POINT (111.78761707 0.24308028)","YZ_ NANGA SILAT (PSU22)","KALIMANTAN BARAT","KAPUAS HULU","SILAT HILIR"
"POINT (112.300226 0.369590)","YZ_ TEPUAI (PSU04)","KALIMANTAN BARAT","KAPUAS HULU","HULU GURUNG"
"POINT (110.158943 -2.405318)","YZ_ SUNGAI GANTANG (TTT20A)","KALIMANTAN BARAT","TUMBANG TITI","KENDAWANGAN"
"POINT (110.464153 -1.779356)","YZ_ MELAYU RAYAK (TTT18)","KALIMANTAN BARAT","TUMBANG TITI","SUNGAI MELAYU RAYAK"
"POINT (109.962072 -1.833588)","YZ_ BENUA KAYONG07 (TTT03A)","KALIMANTAN BARAT","TUMBANG TITI","DELTA PAWAN"
"POINT (109.962878 -1.113806)","YZ_ SIMPANG HILIR (TLM03)","KALIMANTAN BARAT","KAYONG UTARA","SIMPANG HILIR"
"POINT (109.4000699 -0.0385257)","YZ_ PARIT MASIGI (KUB02B)","KALIMANTAN BARAT","KUBURAYA","SUNGAI AMBAWANG"
"POINT (110.53035 -1.238064)","YZ_ SANDAI (TTT01)","KALIMANTAN BARAT","TUMBANG TITI","SANDAI"
"POINT (110.846425 -1.947607)","YZ_ JELAI HULU","KALIMANTAN BARAT","TUMBANG TITI","JELAI HULU"
"POINT (109.965154 -1.240239)","YZ_ TELUK MELANO (TLM01)","KALIMANTAN BARAT","KAYONG UTARA","SUKADANA-TLM"
"POINT (109.161053 0.356671)","YZ_ ANJUNGAN KOTA (MMW11)","KALIMANTAN BARAT","MEMPAWAH","ANJONGAN"
"POINT (110.363911 -0.526663)","YZ_ BALAI BERKUAK (KTG05)","KALIMANTAN BARAT","TUMBANG TITI","SIMPANG HULU"
"POINT (109.699743 1.147257)","YZ_ SANGGAU LEDO KOTA (BEG04)","KALIMANTAN BARAT","BENGKAYANG","SANGGAU LEDO"
"POINT (109.477822 0.818696)","YZ_ BENGKAYANG KOTA (BEG03)","KALIMANTAN BARAT","BENGKAYANG","BENGKAYANG"
"POINT (110.564116 -1.516759)","YZ_ NANGA TAYAP (KTG04)","KALIMANTAN BARAT","TUMBANG TITI","NANGA TAYAP"
"POINT (111.029670 -2.453210)","YZ_ TTT06","KALIMANTAN BARAT","TUMBANG TITI","MANIS MATA"
"POINT (110.589391 -2.273055)","YZ_ SINGKUP CEMERLANG","KALIMANTAN BARAT","TUMBANG TITI","SINGKUP"
"POINT (110.8660949 -2.0514545)","YZ_ TTT05A","KALIMANTAN BARAT","TUMBANG TITI","JELAI HULU"
"POINT (109.3485 -0.077310)","YZ_ DP PARIS2 (PNK02A)","KALIMANTAN BARAT","PONTIANAK","PONTIANAK TENGGARA"
"POINT (112.6991245 0.4788904)","YZ_ VENDOR TEMUYUK","KALIMANTAN BARAT","KAPUAS HULU","BUNUT HULU"
"POINT (112.7072668 0.4879598)","YZ_ VENDOR SURUK","KALIMANTAN BARAT","KAPUAS HULU","BUNUT HULU"
"POINT (112.6413864 0.4632174)","YZ_ VENDOR SUNGAI BESAR","KALIMANTAN BARAT","KAPUAS HULU","BUNUT HULU"
"POINT (111.48058692 0.20339684)","YZ_ VENDOR BINJAI","KALIMANTAN BARAT","SINTANG","BINJAI HULU"
"POINT (111.8758771 1.0289554)","YZ_BADAU","KALIMANTAN BARAT","KAPUAS HULU","EMBALOH HILIR"
"POINT (109.3685255 -0.0647275)","YZ_JNT VENDOR BATANG LUPAR","KALIMANTAN BARAT","KAPUAS HULU","BATANG LUPAR"
"POINT (112.2825022 0.661467)","YZ_JONGKONG","KALIMANTAN BARAT","KAPUAS HULU","JONGKONG"
"POINT (109.3685161 -0.0647141)","YZ_BOYAN TANJUNG","KALIMANTAN BARAT","KAPUAS HULU","BOYAN TANJUNG"
"POINT (109.3685074 -0.0647318)","YZ_BUNUT HILIR","KALIMANTAN BARAT","KAPUAS HULU","BUNUT HILIR"
"POINT (109.3685308 -0.0647188)","YZ_KALIS","KALIMANTAN BARAT","KAPUAS HULU","KALIS"
"POINT (109.3685016 -0.0647313)","YZ_MENTEBAH","KALIMANTAN BARAT","KAPUAS HULU","MENTEBAH"
"POINT (109.3685082 -0.0647145)","YZ_ BUNUT HULU","KALIMANTAN BARAT","KAPUAS HULU","BUNUT HILIR"
"POINT (109.492210 0.841400)","YZ_ SELUAS (BEG03A)","KALIMANTAN BARAT","BENGKAYANG","SELUAS"
"POINT (112.92495 0.858955)","YZ_ PUTUSSIBAU BERSATU (PSU18)","KALIMANTAN BARAT","KAPUAS HULU","PUTUSSIBAU UTARA"
"POINT (110.843044 -2.094822)","YZ_ DP MARAU BERJAYA","KALIMANTAN BARAT","TUMBANG TITI","MARAU"
"POINT (109.472108 -0.039814)","YZ_ LINGGA_01 (KUB02A)","KALIMANTAN BARAT","KUBURAYA","SUNGAI AMBAWANG"
"POINT (116.24070760 -2.40888800)","YZ_ JNTSPOT KBW08 BAKAU","KALIMANTAN SELATAN","KOTABARU","PAMUKAN UTARA"
"POINT (116.33498710 -2.36176380)","YZ_ JNTSPOT KBW08 BEBUNGA","KALIMANTAN SELATAN","KOTABARU","PAMUKAN UTARA"
"POINT (116.40736460 -2.40325200)","YZ_ JNTSPOT KBW08 BINTURUNG","KALIMANTAN SELATAN","KOTABARU","PAMUKAN UTARA"
"POINT (116.74330760 3.75233550)","YZ_ PA MWL01 JUSBUS PETRUS","KALIMANTAN UTARA","NUNUKAN","LUMBIS"
"POINT (116.63612640 3.59119240)","YZ_ SPOT MWL02 POLAJAYA","KALIMANTAN UTARA","NUNUKAN","SEBUKU"
"POINT (115.796443 -2.920819)","YZ_ JNTSPOT KBW05 HAMPANG","KALIMANTAN SELATAN","KOTABARU","HAMPANG"
"POINT (115.2669472 -2.7867162)","YZ_ JNTSPOT BAR01 HANTAKAN","KALIMANTAN SELATAN","HULU SUNGAI TENGAH","HANTAKAN"
"POINT (115.9832571 -3.1786465)","YZ_ JNTSPOT KBW02 POINT RT1","KALIMANTAN SELATAN","KOTABARU","KELUMPANG HILIR"
"POINT (117.9137587 4.142273)","YZ_ JNTSPOT NNX02 SEBATIK TIMUR","KALIMANTAN UTARA","NUNUKAN","SEBATIK TIMUR"
"POINT (116.8511566 -0.9161354)","YZ_ JNTSPOT PNJ03 DESA BUMI HARAPAN","KALIMANTAN TIMUR","PENAJAM","SEPAKU"
"POINT (116.9096612 3.6100819)","YZ_ JNTSPOT TTD02 MURUK RIAN","KALIMANTAN UTARA","TANA TIDUNG","MURUK RIAN"
"POINT (116.9096467 3.6099272)","YZ_ JNTSPOT TTD02 SESAYAP HILIR","KALIMANTAN UTARA","TANA TIDUNG","SESAYAP HILIR"
"POINT (117.7124238 4.0845135)","YZ_ JNTSPOT NNX04 SEDADAP","KALIMANTAN UTARA","NUNUKAN","NUNUKAN SELATAN"
"POINT (116.1635456 -1.6104256)","YZ_ JNTSPOT TNB01 MUARA TOYU","KALIMANTAN TIMUR","PASER","LONG KALI"
"POINT (117.2902629 0.6089651)","YZ_ JNTSPOT SGT14 RANTAU PULUNG","KALIMANTAN TIMUR","KUTAI TIMUR","RANTAU PULUNG"
"POINT (117.5949246 0.5136152)","YZ_ JNTSPOT SGT12A TELUK LINGGA","KALIMANTAN TIMUR","KUTAI TIMUR","SANGATA UTARA"
"POINT (117.52909 0.49598)","YZ_ JNTSPOT SGT11A SANGATA SELATAN","KALIMANTAN TIMUR","KUTAI TIMUR","SANGATA UTARA"
"POINT (116.2072049 -3.2585514)","YZ_ JNTSPOT KBW16 JELAPAT","KALIMANTAN SELATAN","KOTABARU","PULAU LAUT UTARA"
"POINT (114.6933772 -3.4362399)","YZ_ JNTSPOT BLN06B CP KARANG INDAH","KALIMANTAN SELATAN","TANAH BUMBU","ANGSANA-BLN"
"POINT (117.1605207 -0.4820573)","YZ_ JNTSPOT TWR01 MUARA ANCALONG","KALIMANTAN TIMUR","KUTAI TIMUR","MUARA ANCALONG"
"POINT (116.8787967 1.0687865)","YZ_ JNTSPOT SGT02 MUARA WAHAU","KALIMANTAN TIMUR","KUTAI TIMUR","MUARA WAHAU"
"POINT (115.238850 0.526211)","YZ_ JNTSPOT SED04 UJOH BILANG","#N/A","#N/A","#N/A"
"POINT (117.56848919 0.75411277)","YZ_ JNTSPOT SGT04 BENGALON","KALIMANTAN TIMUR","KUTAI TIMUR","BENGALON"
"POINT (117.9792512 0.991125)","YZ_ JNTSPOT SGT15 SANGKULIRANG","KALIMANTAN TIMUR","KUTAI TIMUR","SANGKULIRANG"
"POINT (116.0365626 -0.5819341)","YZ_ JNTSPOT SED08 JEMPANG","KALIMANTAN TIMUR","SENDAWAR","JEMPANG"
"POINT (117.800126 2.617257)","YZ_JNTSPOT TZO03 TANJUNG PALAS TIMUR","KALIMANTAN UTARA","BULUNGAN","TANJUNG SELOR"
"POINT (116.1952957 -1.9162375)","YZ_ JNTSPOT TNB02 BATU ENGAU","KALIMANTAN TIMUR","PASER","BATU ENGAU"
"POINT (117.1605157 -0.482108)","YZ_ JNTSPOT TWR01 BENUA BARU","KALIMANTAN TIMUR","KUTAI TIMUR","MUARA BENGKAL"
"POINT (116.72611781 0.55028827)","YZ_ JNTSPOT TWR01 LONG MESANGAT","KALIMANTAN TIMUR","KUTAI TIMUR","LONG MESANGAT"
"POINT (116.1562896 -2.5118845)","YZ_ JNTSPOT KBW08 CP SUNGAI DURIAN","KALIMANTAN SELATAN","KOTABARU","SUNGAI DURIAN"
"POINT (114.8801004 -3.4207295)","YZ_ JNTSPOT MTA07 CP INDRASARI","KALIMANTAN SELATAN","MARTAPURA(BANJARMASIN)","MARTAPURA KOTA"
"POINT (114.8649157 -3.4487897)","YZ_ JNTSPOT BJB08 CP SUNGAI ULIN","KALIMANTAN SELATAN","BANJARBARU","BANJARBARU UTARA"
"POINT (116.9250789 1.162421)","YZ_ JNTSPOT SGT11 CP KONGBENG","KALIMANTAN TIMUR","KUTAI TIMUR","KONGBENG"
"POINT (117.1604765 -0.4820523)","YZ_ JNTSPOT SGT12 CP BUMI JAYA","KALIMANTAN TIMUR","KUTAI TIMUR","KAUBUN"
"POINT (114.6933561 -3.4362053)","YZ_ SPOT PLR07 CP JORONG","KALIMANTAN SELATAN","TANAH LAUT","JORONG"
"POINT (114.8054713 -3.4728055)","YZ_ JNTSPOT MTA05A CP CINDAI ALUS","KALIMANTAN SELATAN","MARTAPURA(BANJARMASIN)","MARTAPURA KOTA"
"POINT (116.0970735 -3.2699791)","YZ_ JNTSPOT KBW06 CP TARJUN","KALIMANTAN SELATAN","KOTABARU","KELUMPANG HILIR"
"POINT (114.8491582 -3.4615959)","YZ_ JNTSPOT BJB09 CP CEMPAKA 2","KALIMANTAN SELATAN","BANJARBARU","CEMPAKA-BJB"
"POINT (116.71763450 0.43719692)","YZ_ JNTSPOT TWR01 MUARA BENGKAL","KALIMANTAN TIMUR","KUTAI TIMUR","MUARA BENGKAL"
"POINT (115.02545753 -3.28079867)","YZ_ JNTSPOT MTA08 CP PENGARON","KALIMANTAN SELATAN","MARTAPURA(BANJARMASIN)","SIMPANG EMPAT-MTA"
"POINT (116.0153433 -2.3203005)","YZ_ JNTSPOT KBW08C PAMUKAN BARAT","KALIMANTAN SELATAN","KOTABARU","PAMUKAN BARAT"
"POINT (116.0766915 -2.7956758)","YZ_ JNTSPOT KBW07 CP BUNGKUKAN","KALIMANTAN SELATAN","KOTABARU","KELUMPANG BARAT"
"POINT (114.6933648 -3.4362197)","YZ_ JNTSPOT KBW05 CANTUNG","KALIMANTAN SELATAN","KOTABARU","KELUMPANG HULU"
"POINT (115.8021616 -3.6485647)","YZ_ JNTSPOT BLN08 CP SUNGAI LOBAN","KALIMANTAN SELATAN","TANAH BUMBU","SUNGAI LOBAN"
"POINT (116.06350690 -3.97757744)","YZ_ JNTSPOT KBW04 LONTAR","KALIMANTAN SELATAN","KOTABARU","PULAU LAUT BARAT"
"POINT (114.6933572 -3.4362209)","YZ_ JNTSPOT BLN13 CP SEBAMBAN","KALIMANTAN SELATAN","TANAH BUMBU","SUNGAI LOBAN"
"POINT (115.9899289 -3.1956045)","YZ_ JNTSPOT KBW02 SERONGGA","KALIMANTAN SELATAN","KOTABARU","KELUMPANG HILIR"
"POINT (115.91967869 -3.60686362)","YZ_ JNTSPOT BLN04 KUSAN HILIR","KALIMANTAN SELATAN","TANAH BUMBU","KUSAN HILIR"
"POINT (114.65092818 -3.31861193)","YZ_ JNTSPOT MTA06 SUNGAI LULUT","KALIMANTAN SELATAN","MARTAPURA(BANJARMASIN)","SEI _ SUNGAI TABUK"
"POINT (131.28935280 -0.88180580)","YZ_ SORONG","PAPUA BARAT","SORONG","SORONG"
"POINT (134.04629870 -0.86620030)","YZ_ MKW01","PAPUA BARAT","MANOKWARI","MANOKWARI BARAT"
"POINT (106.6283788 -6.2449286)","GRAHA EMERALD","Banten","Tangerang","Kelapa Dua"
"POINT (106.6292162 -6.244393)","PLAZA SUMMARECON GS","Banten","Tangerang","Kelapa Dua"
"POINT (106.6326286 -6.2431667)","APT. M-TOWN RESIDENCE","Banten","Tangerang","Kelapa Dua"
"POINT (106.9490708 -6.2054293)","APT. SAMESTA EAST POINT","DKI Jakarta","Jakarta timur","cakung"